,recall,map,mrr,f1,n_questions,n_docs,top_k
0,0.4161988978597975,0.07233178702057441,0.20711275379076796,0.05732373412203401,39015,33915,20
