,recall,map,mrr,f1,n_questions,n_docs,top_k
0,0.5808278867102397,0.07890136236585539,0.21113699673619107,0.03012834633752614,39015,33915,100
