,recall,map,mrr,f1,n_questions,n_docs,top_k
0,0.50959887222863,0.07682889870105683,0.2101161473708758,0.0415104484322617,39015,33915,50
