,recall,map,mrr,f1,n_questions,n_docs,top_k
0,0.22809175957964886,0.040182695474246334,0.11179965402885163,0.019508691105132044,39015,33915,50
