,recall,map,mrr,f1,n_questions,n_docs,top_k
0,0.4161988978597975,0.07232993111521985,0.20711275379076796,0.05732145025693502,39015,33915,20
