,recall,map,mrr,f1,n_questions,n_docs,top_k
0,0.18464693066769192,0.038296689501838635,0.11042526910034406,0.027343132993006836,39015,33915,20
