,recall,map,mrr,f1,n_questions,n_docs,top_k
0,0.2662565679866718,0.04099774714063079,0.11233861142781104,0.01398351133158009,39015,33915,100
