,recall,map,mrr,f1,n_questions,n_docs,top_k
0,0.15641293013555788,0.05102277582335912,0.07476480147682081,0.022322970053579826,4795,4795,20
