,recall,map,mrr,f1,n_questions,n_docs,top_k
0,0.6449663270592298,0.3224458418683492,0.43813502871444904,0.11806064431902126,11582,9916,20
