,recall,map,mrr,f1,n_questions,n_docs,top_k
0,0.06291245050593929,0.018449644822644558,0.026819972845882396,0.007272247068062666,4546,4546,20
