,recall,map,mrr,f1,n_questions,n_docs,top_k
0,0.026916451335055987,0.0036227139088460267,0.007903205823822463,0.0024175650040853722,4644,4646,20
