,recall,map,mrr,f1,n_questions,n_docs,top_k
0,0.22894541862188195,0.09499350459742446,0.11669359692697243,0.0288388260064847,4049,4053,20
