,recall,map,mrr,f1,n_questions,n_docs,top_k
0,0.04344642421283866,0.007877868730742496,0.01244693046117824,0.004262030792610584,4097,4099,20
