,recall,map,mrr,f1,n_questions,n_docs,top_k
0,0.2441689430552637,0.0962939883320215,0.12796457082623033,0.036299929455365976,4759,4761,20
