,recall,map,mrr,f1,n_questions,n_docs,top_k
0,0.5670535934798716,0.22759076450930238,0.3214485790422632,0.07072066040091961,4049,4053,20
