,recall,map,mrr,f1,n_questions,n_docs,top_k
0,0.43958994386136196,0.1273727073873445,0.22035081986398078,0.05370623571676893,4097,4099,20
