,recall,map,mrr,f1,n_questions,n_docs,top_k
0,0.31637122002085505,0.11835400027807677,0.1766348189308367,0.04730294335813562,4795,4795,20
