,recall,map,mrr,f1,n_questions,n_docs,top_k
0,0.6746590409150902,0.2536535039589538,0.4003111963052318,0.09302613665522297,4546,4546,20
