,recall,map,mrr,f1,n_questions,n_docs,top_k
0,0.6377390208026896,0.2442200234997329,0.38953947868330735,0.08562709112708117,4759,4761,20
