,recall,map,mrr,f1,n_questions,n_docs,top_k
0,0.5678639267829391,0.19279002310917442,0.33015933554702637,0.07475093666212382,11582,9916,20
