,recall,map,mrr,f1,n_questions,n_docs,top_k
0,0.6070198105081827,0.20040720100562115,0.3360614985857477,0.07979437386158404,4644,4646,20
